morph_id,morph,position,in_cells,in_forms,language_id
hmarM01,a,post,3.sg.fut.aff; 3.pl.fut.aff; 3.sg.1.sg.fut.aff; 3.sg.1.pl.excl.fut.aff; 3.sg.1.pl.incl.fut.aff; 3.pl.1.sg.fut.aff; 3.pl.1.pl.excl.fut.aff; 3.pl.1.pl.incl.fut.aff; 3.sg.2.sg.fut.aff; 3.sg.2.pl.fut.aff; 3.pl.2.sg.fut.aff; 3.pl.2.pl.fut.aff; 3.sg.3.sg.fut.aff; 3.sg.3.pl.fut.aff; 3.pl.3.sg.fut.aff; 3.pl.3.pl.fut.aff; 3.sg.fut.neg; 3.pl.fut.neg; 3.sg.1.sg.fut.neg; 3.sg.1.pl.excl.fut.neg; 3.sg.1.pl.incl.fut.neg; 3.pl.1.sg.fut.neg; 3.pl.1.pl.excl.fut.neg; 3.pl.1.pl.incl.fut.neg; 3.sg.2.sg.fut.neg; 3.sg.2.pl.fut.neg; 3.pl.2.sg.fut.neg; 3.pl.2.pl.fut.neg; 3.sg.3.sg.fut.neg; 3.sg.3.pl.fut.neg; 3.pl.3.sg.fut.neg; 3.pl.3.pl.fut.neg,hmar054; hmar056; hmar058; hmar060; hmar061; hmar064; hmar066; hmar067; hmar070; hmar072; hmar074; hmar076; hmar078; hmar080; hmar082; hmar084; hmar142; hmar145; hmar148; hmar151; hmar152; hmar157; hmar160; hmar161; hmar166; hmar169; hmar172; hmar175; hmar178; hmar181; hmar184; hmar187,hmar
hmarM02,a,pre,3.sg.fut.aff; 3.pl.fut.aff; 3.sg.1.sg.fut.aff; 3.sg.1.pl.excl.fut.aff; 3.sg.1.pl.incl.fut.aff; 3.pl.1.sg.fut.aff; 3.pl.1.pl.excl.fut.aff; 3.pl.1.pl.incl.fut.aff; 3.sg.2.sg.fut.aff; 3.sg.2.pl.fut.aff; 3.pl.2.sg.fut.aff; 3.pl.2.pl.fut.aff; 3.sg.3.sg.fut.aff; 3.sg.3.pl.fut.aff; 3.pl.3.sg.fut.aff; 3.pl.3.pl.fut.aff; 3.sg.fut.neg; 3.pl.fut.neg; 3.sg.1.sg.fut.neg; 3.sg.1.pl.excl.fut.neg; 3.sg.1.pl.incl.fut.neg; 3.pl.1.sg.fut.neg; 3.pl.1.pl.excl.fut.neg; 3.pl.1.pl.incl.fut.neg; 3.sg.2.sg.fut.neg; 3.sg.2.pl.fut.neg; 3.pl.2.sg.fut.neg; 3.pl.2.pl.fut.neg; 3.sg.3.sg.fut.neg; 3.sg.3.pl.fut.neg; 3.pl.3.sg.fut.neg; 3.pl.3.pl.fut.neg; 3.sg.nfut.aff; 3.pl.nfut.aff; 3.sg.1.sg.nfut.aff; 3.sg.1.pl.excl.nfut.aff; 3.sg.1.pl.incl.nfut.aff; 3.pl.1.sg.nfut.aff; 3.pl.1.pl.excl.nfut.aff; 3.pl.1.pl.incl.nfut.aff; 3.sg.2.sg.nfut.aff; 3.sg.2.pl.nfut.aff; 3.pl.2.sg.nfut.aff; 3.pl.2.pl.nfut.aff; 3.sg.3.sg.nfut.aff; 3.sg.3.pl.nfut.aff; 3.pl.3.sg.nfut.aff; 3.pl.3.pl.nfut.aff; 3.sg.nfut.neg; 3.pl.nfut.neg; 3.sg.1.sg.nfut.neg; 3.sg.1.pl.excl.nfut.neg; 3.sg.1.pl.incl.nfut.neg; 3.pl.1.sg.nfut.neg; 3.pl.1.pl.excl.nfut.neg; 3.pl.1.pl.incl.nfut.neg; 3.sg.2.sg.nfut.neg; 3.sg.2.pl.nfut.neg; 3.pl.2.sg.nfut.neg; 3.pl.2.pl.nfut.neg; 3.sg.3.sg.nfut.neg; 3.sg.3.pl.nfut.neg; 3.pl.3.sg.nfut.neg; 3.pl.3.pl.nfut.neg,hmar055; hmar057; hmar059; hmar062; hmar063; hmar065; hmar068; hmar069; hmar071; hmar073; hmar075; hmar077; hmar079; hmar081; hmar083; hmar085; hmar143; hmar147; hmar149; hmar153; hmar154; hmar159; hmar164; hmar165; hmar167; hmar170; hmar173; hmar176; hmar179; hmar182; hmar186; hmar189; hmar213; hmar214; hmar215; hmar216; hmar217; hmar218; hmar219; hmar220; hmar221; hmar222; hmar223; hmar224; hmar225; hmar226; hmar227; hmar228; hmar252; hmar253; hmar254; hmar255; hmar256; hmar257; hmar258; hmar259; hmar260; hmar261; hmar262; hmar263; hmar264; hmar265; hmar266; hmar267,hmar
hmarM03,a m a,free,3.sg,hmar006,hmar
hmarM04,a n,free,3.pl,hmar007,hmar
hmarM05,a ʔ,post,1.sg.3.pl.fut.neg; 1.sg.3.sg.fut.neg,hmar096; hmar105,hmar
hmarM06,d i ŋ,post,1.sg.fut.aff; 1.pl.incl.fut.aff; 1.pl.excl.fut.aff; 1.sg.2.sg.fut.aff; 1.sg.2.pl.fut.aff; 1.pl.excl.2.sg.fut.aff; 1.pl.excl.2.pl.fut.aff; 1.sg.3.sg.fut.aff; 1.sg.3.pl.fut.aff; 1.pl.incl.3.sg.fut.aff; 1.pl.excl.3.sg.fut.aff; 1.pl.incl.3.pl.fut.aff; 1.pl.excl.3.pl.fut.aff; 2.sg.fut.aff; 2.pl.fut.aff; 2.sg.1.sg.fut.aff; 2.sg.1.pl.excl.fut.aff; 2.pl.1.sg.fut.aff; 2.pl.1.pl.excl.fut.aff; 2.sg.3.sg.fut.aff; 2.sg.3.pl.fut.aff; 2.pl.3.sg.fut.aff; 2.pl.3.pl.fut.aff; 3.sg.fut.aff; 3.pl.fut.aff; 3.sg.1.sg.fut.aff; 3.sg.1.pl.excl.fut.aff; 3.sg.1.pl.incl.fut.aff; 3.pl.1.sg.fut.aff; 3.pl.1.pl.excl.fut.aff; 3.pl.1.pl.incl.fut.aff; 3.sg.2.sg.fut.aff; 3.sg.2.pl.fut.aff; 3.pl.2.sg.fut.aff; 3.pl.2.pl.fut.aff; 3.sg.3.sg.fut.aff; 3.sg.3.pl.fut.aff; 3.pl.3.sg.fut.aff; 3.pl.3.pl.fut.aff; 1.sg.fut.neg; 1.pl.incl.fut.neg; 1.pl.excl.fut.neg; 1.sg.2.sg.fut.neg; 1.sg.2.pl.fut.neg; 1.sg.3.pl.fut.neg; 1.pl.excl.2.sg.fut.neg; 1.pl.excl.2.pl.fut.neg; 1.sg.3.sg.fut.neg; 1.pl.incl.3.sg.fut.neg; 1.pl.excl.3.sg.fut.neg; 1.pl.incl.3.pl.fut.neg; 1.pl.excl.3.pl.fut.neg; 2.sg.fut.neg; 2.pl.fut.neg; 2.sg.1.sg.fut.neg; 2.sg.1.pl.excl.fut.neg; 2.pl.1.sg.fut.neg; 2.pl.1.pl.excl.fut.neg; 2.sg.3.sg.fut.neg; 2.sg.3.pl.fut.neg; 2.pl.3.sg.fut.neg; 2.pl.3.pl.fut.neg; 3.sg.fut.neg; 3.pl.fut.neg; 3.sg.1.sg.fut.neg; 3.sg.1.pl.excl.fut.neg; 3.sg.1.pl.incl.fut.neg; 3.pl.1.sg.fut.neg; 3.pl.1.pl.excl.fut.neg; 3.pl.1.pl.incl.fut.neg; 3.sg.2.sg.fut.neg; 3.sg.2.pl.fut.neg; 3.pl.2.sg.fut.neg; 3.pl.2.pl.fut.neg; 3.sg.3.sg.fut.neg; 3.sg.3.pl.fut.neg; 3.pl.3.sg.fut.neg; 3.pl.3.pl.fut.neg,hmar009; hmar012; hmar013; hmar014; hmar016; hmar018; hmar020; hmar023; hmar025; hmar028; hmar029; hmar032; hmar033; hmar035; hmar037; hmar039; hmar041; hmar043; hmar045; hmar047; hmar049; hmar051; hmar053; hmar055; hmar057; hmar059; hmar062; hmar063; hmar065; hmar068; hmar069; hmar071; hmar073; hmar075; hmar077; hmar079; hmar081; hmar083; hmar085; hmar087; hmar091; hmar092; hmar094; hmar097; hmar100; hmar101; hmar103; hmar107; hmar110; hmar111; hmar114; hmar115; hmar117; hmar120; hmar122; hmar124; hmar127; hmar130; hmar133; hmar136; hmar139; hmar141; hmar143; hmar147; hmar149; hmar153; hmar154; hmar159; hmar164; hmar165; hmar167; hmar170; hmar173; hmar176; hmar179; hmar182; hmar186; hmar189,hmar
hmarM07,ei,free,1.pl.incl,hmar003,hmar
hmarM08,ei,post,1.pl.incl.fut.aff; 1.pl.incl.3.sg.fut.aff; 1.pl.incl.3.pl.fut.aff; 1.pl.incl.fut.neg; 1.pl.incl.3.sg.fut.neg; 1.pl.incl.3.pl.fut.neg,hmar010; hmar026; hmar030; hmar089; hmar108; hmar112,hmar
hmarM09,ei,pre,1.pl.incl.fut.aff; 1.pl.incl.3.sg.fut.aff; 1.pl.incl.3.pl.fut.aff; 1.pl.incl.fut.neg; 1.pl.incl.3.sg.fut.neg; 1.pl.incl.3.pl.fut.neg; 1.pl.incl.nfut.aff; 1.pl.incl.3.sg.nfut.aff; 1.pl.incl.3.pl.nfut.aff; 1.pl.incl.nfut.neg; 1.pl.incl.3.sg.nfut.neg; 1.pl.incl.3.pl.nfut.neg,hmar012; hmar028; hmar032; hmar091; hmar110; hmar114; hmar191; hmar199; hmar201; hmar230; hmar238; hmar240,hmar
hmarM10,h a i,post,3.pl.fut.neg; 3.pl.1.sg.fut.neg; 3.pl.1.pl.excl.fut.neg; 3.pl.1.pl.incl.fut.neg; 3.pl.2.sg.fut.neg; 3.pl.2.pl.fut.neg; 3.pl.3.sg.fut.neg; 3.pl.3.pl.fut.neg,hmar146; hmar158; hmar162; hmar163; hmar174; hmar177; hmar185; hmar188,hmar
hmarM11,i,post,2.sg.fut.aff; 2.pl.fut.aff; 2.sg.1.sg.fut.aff; 2.sg.1.pl.excl.fut.aff; 2.pl.1.sg.fut.aff; 2.pl.1.pl.excl.fut.aff; 2.sg.3.sg.fut.aff; 2.sg.3.pl.fut.aff; 2.pl.3.sg.fut.aff; 2.pl.3.pl.fut.aff; 2.sg.fut.neg; 2.pl.fut.neg; 2.pl.1.sg.fut.neg; 2.pl.1.pl.excl.fut.neg; 2.sg.3.sg.fut.neg; 2.sg.3.pl.fut.neg; 2.pl.3.sg.fut.neg; 2.pl.3.pl.fut.neg,hmar034; hmar036; hmar038; hmar040; hmar042; hmar044; hmar046; hmar048; hmar050; hmar052; hmar116; hmar119; hmar126; hmar129; hmar132; hmar135; hmar138; hmar140,hmar
hmarM12,i,pre,2.sg.fut.aff; 2.pl.fut.aff; 2.sg.1.sg.fut.aff; 2.sg.1.pl.excl.fut.aff; 2.pl.1.sg.fut.aff; 2.pl.1.pl.excl.fut.aff; 2.sg.3.sg.fut.aff; 2.sg.3.pl.fut.aff; 2.pl.3.sg.fut.aff; 2.pl.3.pl.fut.aff; 2.sg.fut.neg; 2.pl.fut.neg; 2.sg.1.sg.fut.neg; 2.sg.1.pl.excl.fut.neg; 2.pl.1.sg.fut.neg; 2.pl.1.pl.excl.fut.neg; 2.sg.3.sg.fut.neg; 2.sg.3.pl.fut.neg; 2.pl.3.sg.fut.neg; 2.pl.3.pl.fut.neg; 2.sg.nfut.aff; 2.pl.nfut.aff; 2.sg.1.sg.nfut.aff; 2.sg.1.pl.excl.nfut.aff; 2.pl.1.sg.nfut.aff; 2.pl.1.pl.excl.nfut.aff; 2.sg.3.sg.nfut.aff; 2.sg.3.pl.nfut.aff; 2.pl.3.sg.nfut.aff; 2.pl.3.pl.nfut.aff; 2.sg.nfut.neg; 2.pl.nfut.neg; 2.sg.1.sg.nfut.neg; 2.sg.1.pl.excl.nfut.neg; 2.pl.1.sg.nfut.neg; 2.pl.1.pl.excl.nfut.neg; 2.sg.3.sg.nfut.neg; 2.sg.3.pl.nfut.neg; 2.pl.3.sg.nfut.neg; 2.pl.3.pl.nfut.neg,hmar035; hmar037; hmar039; hmar041; hmar043; hmar045; hmar047; hmar049; hmar051; hmar053; hmar117; hmar120; hmar122; hmar124; hmar127; hmar130; hmar133; hmar136; hmar139; hmar141; hmar203; hmar204; hmar205; hmar206; hmar207; hmar208; hmar209; hmar210; hmar211; hmar212; hmar242; hmar243; hmar244; hmar245; hmar246; hmar247; hmar248; hmar249; hmar250; hmar251,hmar
hmarM13,k a,post,1.sg.fut.aff; 1.pl.excl.fut.aff; 1.sg.2.sg.fut.aff; 1.sg.2.pl.fut.aff; 1.pl.excl.2.sg.fut.aff; 1.pl.excl.2.pl.fut.aff; 1.sg.3.sg.fut.aff; 1.sg.3.pl.fut.aff; 1.pl.excl.3.sg.fut.aff; 1.pl.excl.3.pl.fut.aff; 1.sg.fut.neg; 1.pl.excl.fut.neg; 1.sg.2.sg.fut.neg; 1.sg.2.pl.fut.neg; 1.sg.3.pl.fut.neg; 1.pl.excl.2.sg.fut.neg; 1.pl.excl.2.pl.fut.neg; 1.sg.3.sg.fut.neg; 1.pl.excl.3.sg.fut.neg; 1.pl.excl.3.pl.fut.neg,hmar008; hmar011; hmar015; hmar017; hmar019; hmar021; hmar022; hmar024; hmar027; hmar031; hmar086; hmar090; hmar095; hmar098; hmar099; hmar102; hmar104; hmar106; hmar109; hmar113,hmar
hmarM14,k a,pre,1.sg.fut.aff; 1.pl.excl.fut.aff; 1.sg.2.sg.fut.aff; 1.sg.2.pl.fut.aff; 1.pl.excl.2.sg.fut.aff; 1.pl.excl.2.pl.fut.aff; 1.sg.3.sg.fut.aff; 1.sg.3.pl.fut.aff; 1.pl.excl.3.sg.fut.aff; 1.pl.excl.3.pl.fut.aff; 1.sg.fut.neg; 1.pl.excl.fut.neg; 1.sg.2.sg.fut.neg; 1.sg.2.pl.fut.neg; 1.sg.3.pl.fut.neg; 1.pl.excl.2.sg.fut.neg; 1.pl.excl.2.pl.fut.neg; 1.sg.3.sg.fut.neg; 1.pl.excl.3.sg.fut.neg; 1.pl.excl.3.pl.fut.neg; 1.sg.nfut.aff; 1.pl.excl.nfut.aff; 1.sg.2.sg.nfut.aff; 1.sg.2.pl.nfut.aff; 1.pl.excl.2.sg.nfut.aff; 1.pl.excl.2.pl.nfut.aff; 1.sg.3.sg.nfut.aff; 1.sg.3.pl.nfut.aff; 1.pl.excl.3.sg.nfut.aff; 1.pl.excl.3.pl.nfut.aff; 1.sg.nfut.neg; 1.pl.excl.nfut.neg; 1.sg.2.sg.nfut.neg; 1.sg.2.pl.nfut.neg; 1.pl.excl.2.sg.nfut.neg; 1.pl.excl.2.pl.nfut.neg; 1.sg.3.sg.nfut.neg; 1.sg.3.pl.nfut.neg; 1.pl.excl.3.sg.nfut.neg; 1.pl.excl.3.pl.nfut.neg,hmar009; hmar013; hmar014; hmar016; hmar018; hmar020; hmar023; hmar025; hmar029; hmar033; hmar087; hmar092; hmar094; hmar097; hmar100; hmar101; hmar103; hmar107; hmar111; hmar115; hmar190; hmar192; hmar193; hmar194; hmar195; hmar196; hmar197; hmar198; hmar200; hmar202; hmar229; hmar231; hmar232; hmar233; hmar234; hmar235; hmar236; hmar237; hmar239; hmar241,hmar
hmarM15,k ei,free,1.sg; 1.pl.excl,hmar001; hmar002,hmar
hmarM16,m ei,post,1.pl.incl.fut.neg,hmar093,hmar
hmarM17,m i,pre,2.sg.1.sg.fut.aff; 2.sg.1.sg.fut.aff; 2.sg.1.pl.excl.fut.aff; 2.sg.1.pl.excl.fut.aff; 2.pl.1.sg.fut.aff; 2.pl.1.sg.fut.aff; 2.pl.1.pl.excl.fut.aff; 2.pl.1.pl.excl.fut.aff; 3.sg.1.sg.fut.aff; 3.sg.1.sg.fut.aff; 3.sg.1.pl.excl.fut.aff; 3.sg.1.pl.incl.fut.aff; 3.sg.1.pl.excl.fut.aff; 3.sg.1.pl.incl.fut.aff; 3.pl.1.sg.fut.aff; 3.pl.1.sg.fut.aff; 3.pl.1.pl.excl.fut.aff; 3.pl.1.pl.incl.fut.aff; 3.pl.1.pl.excl.fut.aff; 3.pl.1.pl.incl.fut.aff; 2.sg.1.sg.fut.neg; 2.sg.1.sg.fut.neg; 2.sg.1.pl.excl.fut.neg; 2.sg.1.pl.excl.fut.neg; 2.pl.1.sg.fut.neg; 2.pl.1.sg.fut.neg; 2.pl.1.sg.fut.neg; 2.pl.1.pl.excl.fut.neg; 2.pl.1.pl.excl.fut.neg; 2.pl.1.pl.excl.fut.neg; 3.sg.1.sg.fut.neg; 3.sg.1.sg.fut.neg; 3.sg.1.sg.fut.neg; 3.sg.1.pl.excl.fut.neg; 3.sg.1.pl.incl.fut.neg; 3.sg.1.pl.excl.fut.neg; 3.sg.1.pl.incl.fut.neg; 3.sg.1.pl.excl.fut.neg; 3.sg.1.pl.incl.fut.neg; 3.pl.1.sg.fut.neg; 3.pl.1.sg.fut.neg; 3.pl.1.sg.fut.neg; 3.pl.1.pl.excl.fut.neg; 3.pl.1.pl.incl.fut.neg; 3.pl.1.pl.excl.fut.neg; 3.pl.1.pl.incl.fut.neg; 3.pl.1.pl.excl.fut.neg; 3.pl.1.pl.incl.fut.neg; 2.sg.1.sg.nfut.aff; 2.sg.1.pl.excl.nfut.aff; 2.pl.1.sg.nfut.aff; 2.pl.1.pl.excl.nfut.aff; 3.sg.1.sg.nfut.aff; 3.sg.1.pl.excl.nfut.aff; 3.sg.1.pl.incl.nfut.aff; 3.pl.1.sg.nfut.aff; 3.pl.1.pl.excl.nfut.aff; 3.pl.1.pl.incl.nfut.aff; 2.sg.1.sg.nfut.neg; 2.sg.1.pl.excl.nfut.neg; 2.pl.1.sg.nfut.neg; 2.pl.1.pl.excl.nfut.neg; 3.sg.1.sg.nfut.neg; 3.sg.1.pl.excl.nfut.neg; 3.sg.1.pl.incl.nfut.neg; 3.pl.1.sg.nfut.neg; 3.pl.1.pl.excl.nfut.neg; 3.pl.1.pl.incl.nfut.neg,hmar038; hmar039; hmar040; hmar041; hmar042; hmar043; hmar044; hmar045; hmar058; hmar059; hmar060; hmar061; hmar062; hmar063; hmar064; hmar065; hmar066; hmar067; hmar068; hmar069; hmar122; hmar123; hmar124; hmar125; hmar126; hmar127; hmar128; hmar129; hmar130; hmar131; hmar148; hmar149; hmar150; hmar151; hmar152; hmar153; hmar154; hmar155; hmar156; hmar157; hmar158; hmar159; hmar160; hmar161; hmar162; hmar163; hmar164; hmar165; hmar205; hmar206; hmar207; hmar208; hmar215; hmar216; hmar217; hmar218; hmar219; hmar220; hmar244; hmar245; hmar246; hmar247; hmar254; hmar255; hmar256; hmar257; hmar258; hmar259,hmar
hmarM18,n,post,1.pl.excl.fut.aff; 1.pl.excl.2.sg.fut.aff; 1.pl.excl.2.pl.fut.aff; 1.pl.excl.3.sg.fut.aff; 1.pl.excl.3.pl.fut.aff; 2.pl.fut.aff; 2.pl.1.sg.fut.aff; 2.pl.1.pl.excl.fut.aff; 2.pl.3.sg.fut.aff; 2.pl.3.pl.fut.aff; 3.pl.fut.aff; 3.pl.1.sg.fut.aff; 3.pl.1.pl.excl.fut.aff; 3.pl.1.pl.incl.fut.aff; 3.pl.2.sg.fut.aff; 3.pl.2.pl.fut.aff; 3.pl.3.sg.fut.aff; 3.pl.3.pl.fut.aff; 1.pl.excl.fut.neg; 1.pl.excl.2.sg.fut.neg; 1.pl.excl.2.pl.fut.neg; 1.pl.excl.3.sg.fut.neg; 1.pl.excl.3.pl.fut.neg; 2.pl.fut.neg; 2.pl.1.pl.excl.fut.neg; 2.pl.3.sg.fut.neg; 2.pl.3.pl.fut.neg; 3.pl.fut.neg; 3.pl.1.sg.fut.neg; 3.pl.1.pl.excl.fut.neg; 3.pl.1.pl.incl.fut.neg; 3.pl.2.sg.fut.neg; 3.pl.2.pl.fut.neg; 3.pl.3.sg.fut.neg; 3.pl.3.pl.fut.neg,hmar011; hmar019; hmar021; hmar027; hmar031; hmar036; hmar042; hmar044; hmar050; hmar052; hmar056; hmar064; hmar066; hmar067; hmar074; hmar076; hmar082; hmar084; hmar090; hmar102; hmar104; hmar109; hmar113; hmar119; hmar129; hmar138; hmar140; hmar145; hmar157; hmar160; hmar161; hmar172; hmar175; hmar184; hmar187,hmar
hmarM19,n,pre,1.pl.excl.fut.aff; 1.pl.excl.2.sg.fut.aff; 1.pl.excl.2.pl.fut.aff; 1.pl.excl.3.sg.fut.aff; 1.pl.excl.3.pl.fut.aff; 2.pl.fut.aff; 2.pl.1.sg.fut.aff; 2.pl.1.pl.excl.fut.aff; 2.pl.3.sg.fut.aff; 2.pl.3.pl.fut.aff; 3.pl.fut.aff; 3.pl.1.sg.fut.aff; 3.pl.1.pl.excl.fut.aff; 3.pl.1.pl.incl.fut.aff; 3.pl.2.sg.fut.aff; 3.pl.2.pl.fut.aff; 3.pl.3.sg.fut.aff; 3.pl.3.pl.fut.aff; 1.pl.excl.fut.neg; 1.pl.excl.2.sg.fut.neg; 1.pl.excl.2.pl.fut.neg; 1.pl.excl.3.sg.fut.neg; 1.pl.excl.3.pl.fut.neg; 2.pl.fut.neg; 2.pl.1.sg.fut.neg; 2.pl.1.pl.excl.fut.neg; 2.pl.3.sg.fut.neg; 2.pl.3.pl.fut.neg; 3.pl.fut.neg; 3.pl.1.sg.fut.neg; 3.pl.1.pl.excl.fut.neg; 3.pl.1.pl.incl.fut.neg; 3.pl.2.sg.fut.neg; 3.pl.2.pl.fut.neg; 3.pl.3.sg.fut.neg; 3.pl.3.pl.fut.neg; 1.pl.excl.nfut.aff; 1.pl.excl.2.sg.nfut.aff; 1.pl.excl.2.pl.nfut.aff; 1.pl.excl.3.sg.nfut.aff; 1.pl.excl.3.pl.nfut.aff; 2.pl.nfut.aff; 2.pl.1.sg.nfut.aff; 2.pl.1.pl.excl.nfut.aff; 2.pl.3.sg.nfut.aff; 2.pl.3.pl.nfut.aff; 3.pl.nfut.aff; 3.pl.1.sg.nfut.aff; 3.pl.1.pl.excl.nfut.aff; 3.pl.1.pl.incl.nfut.aff; 3.pl.2.sg.nfut.aff; 3.pl.2.pl.nfut.aff; 3.pl.3.sg.nfut.aff; 3.pl.3.pl.nfut.aff; 1.pl.excl.nfut.neg; 1.pl.excl.2.sg.nfut.neg; 1.pl.excl.2.pl.nfut.neg; 1.pl.excl.3.sg.nfut.neg; 1.pl.excl.3.pl.nfut.neg; 2.pl.nfut.neg; 2.pl.1.sg.nfut.neg; 2.pl.1.pl.excl.nfut.neg; 2.pl.3.sg.nfut.neg; 2.pl.3.pl.nfut.neg; 3.pl.nfut.neg; 3.pl.1.sg.nfut.neg; 3.pl.1.pl.excl.nfut.neg; 3.pl.1.pl.incl.nfut.neg; 3.pl.2.sg.nfut.neg; 3.pl.2.pl.nfut.neg; 3.pl.3.sg.nfut.neg; 3.pl.3.pl.nfut.neg,hmar013; hmar018; hmar020; hmar029; hmar033; hmar037; hmar043; hmar045; hmar051; hmar053; hmar057; hmar065; hmar068; hmar069; hmar075; hmar077; hmar083; hmar085; hmar092; hmar101; hmar103; hmar111; hmar115; hmar120; hmar127; hmar130; hmar139; hmar141; hmar147; hmar159; hmar164; hmar165; hmar173; hmar176; hmar186; hmar189; hmar192; hmar195; hmar196; hmar200; hmar202; hmar204; hmar207; hmar208; hmar211; hmar212; hmar214; hmar218; hmar219; hmar220; hmar223; hmar224; hmar227; hmar228; hmar231; hmar234; hmar235; hmar239; hmar241; hmar243; hmar246; hmar247; hmar250; hmar251; hmar253; hmar257; hmar258; hmar259; hmar262; hmar263; hmar266; hmar267,hmar
hmarM20,n a ŋ,free,2.sg; 2.pl,hmar004; hmar005,hmar
hmarM21,n i,free,1.pl.excl; 1.pl.incl; 2.pl; 3.pl,hmar002; hmar003; hmar005; hmar007,hmar
hmarM22,n i,post,1.sg.fut.neg; 2.pl.fut.neg; 2.pl.1.sg.fut.neg; 2.pl.1.pl.excl.fut.neg; 3.pl.fut.neg; 3.sg.1.sg.fut.neg; 3.pl.1.sg.fut.neg; 3.pl.1.pl.excl.fut.neg; 3.pl.1.pl.incl.fut.neg; 3.sg.2.sg.fut.neg; 3.sg.2.pl.fut.neg; 3.pl.2.sg.fut.neg; 3.pl.2.pl.fut.neg; 3.pl.3.sg.fut.neg; 3.pl.3.pl.fut.neg,hmar088; hmar121; hmar128; hmar131; hmar146; hmar150; hmar158; hmar162; hmar163; hmar168; hmar171; hmar174; hmar177; hmar185; hmar188,hmar
hmarM23,n i ŋ,post,1.sg.3.pl.fut.neg; 1.sg.3.sg.fut.neg,hmar096; hmar105,hmar
hmarM24,n i ʔ,post,1.pl.incl.fut.neg; 2.sg.fut.neg; 2.sg.1.sg.fut.neg; 2.sg.1.pl.excl.fut.neg; 2.sg.3.sg.fut.neg; 2.sg.3.pl.fut.neg; 3.sg.fut.neg; 3.sg.1.pl.excl.fut.neg; 3.sg.1.pl.incl.fut.neg; 3.sg.3.sg.fut.neg; 3.sg.3.pl.fut.neg,hmar093; hmar118; hmar123; hmar125; hmar134; hmar137; hmar144; hmar155; hmar156; hmar180; hmar183,hmar
hmarM25,n ɔ,post,1.sg.fut.neg; 1.sg.fut.neg; 1.sg.fut.neg; 1.pl.incl.fut.neg; 1.pl.excl.fut.neg; 1.pl.incl.fut.neg; 1.pl.excl.fut.neg; 1.pl.incl.fut.neg; 1.sg.2.sg.fut.neg; 1.sg.2.sg.fut.neg; 1.sg.3.pl.fut.neg; 1.sg.2.pl.fut.neg; 1.sg.2.pl.fut.neg; 1.sg.3.pl.fut.neg; 1.sg.3.pl.fut.neg; 1.pl.excl.2.sg.fut.neg; 1.pl.excl.2.sg.fut.neg; 1.pl.excl.2.pl.fut.neg; 1.pl.excl.2.pl.fut.neg; 1.sg.3.sg.fut.neg; 1.sg.3.sg.fut.neg; 1.sg.3.sg.fut.neg; 1.pl.incl.3.sg.fut.neg; 1.pl.excl.3.sg.fut.neg; 1.pl.incl.3.sg.fut.neg; 1.pl.excl.3.sg.fut.neg; 1.pl.incl.3.pl.fut.neg; 1.pl.excl.3.pl.fut.neg; 1.pl.incl.3.pl.fut.neg; 1.pl.excl.3.pl.fut.neg; 2.sg.fut.neg; 2.sg.fut.neg; 2.sg.fut.neg; 2.pl.fut.neg; 2.pl.fut.neg; 2.pl.fut.neg; 2.sg.1.sg.fut.neg; 2.sg.1.sg.fut.neg; 2.sg.1.pl.excl.fut.neg; 2.sg.1.pl.excl.fut.neg; 2.pl.1.sg.fut.neg; 2.pl.1.sg.fut.neg; 2.pl.1.sg.fut.neg; 2.pl.1.pl.excl.fut.neg; 2.pl.1.pl.excl.fut.neg; 2.pl.1.pl.excl.fut.neg; 2.sg.3.sg.fut.neg; 2.sg.3.sg.fut.neg; 2.sg.3.sg.fut.neg; 2.sg.3.pl.fut.neg; 2.sg.3.pl.fut.neg; 2.sg.3.pl.fut.neg; 2.pl.3.sg.fut.neg; 2.pl.3.sg.fut.neg; 2.pl.3.pl.fut.neg; 2.pl.3.pl.fut.neg; 3.sg.fut.neg; 3.sg.fut.neg; 3.sg.fut.neg; 3.pl.fut.neg; 3.pl.fut.neg; 3.pl.fut.neg; 3.sg.1.sg.fut.neg; 3.sg.1.sg.fut.neg; 3.sg.1.sg.fut.neg; 3.sg.1.pl.excl.fut.neg; 3.sg.1.pl.incl.fut.neg; 3.sg.1.pl.excl.fut.neg; 3.sg.1.pl.incl.fut.neg; 3.sg.1.pl.excl.fut.neg; 3.sg.1.pl.incl.fut.neg; 3.pl.1.sg.fut.neg; 3.pl.1.sg.fut.neg; 3.pl.1.sg.fut.neg; 3.pl.1.pl.excl.fut.neg; 3.pl.1.pl.incl.fut.neg; 3.pl.1.pl.excl.fut.neg; 3.pl.1.pl.incl.fut.neg; 3.pl.1.pl.excl.fut.neg; 3.pl.1.pl.incl.fut.neg; 3.sg.2.sg.fut.neg; 3.sg.2.sg.fut.neg; 3.sg.2.sg.fut.neg; 3.sg.2.pl.fut.neg; 3.sg.2.pl.fut.neg; 3.sg.2.pl.fut.neg; 3.pl.2.sg.fut.neg; 3.pl.2.sg.fut.neg; 3.pl.2.sg.fut.neg; 3.pl.2.pl.fut.neg; 3.pl.2.pl.fut.neg; 3.pl.2.pl.fut.neg; 3.sg.3.sg.fut.neg; 3.sg.3.sg.fut.neg; 3.sg.3.sg.fut.neg; 3.sg.3.pl.fut.neg; 3.sg.3.pl.fut.neg; 3.sg.3.pl.fut.neg; 3.pl.3.sg.fut.neg; 3.pl.3.sg.fut.neg; 3.pl.3.sg.fut.neg; 3.pl.3.pl.fut.neg; 3.pl.3.pl.fut.neg; 3.pl.3.pl.fut.neg; 1.sg.2.sg.nfut.neg; 1.sg.2.pl.nfut.neg; 1.pl.excl.2.sg.nfut.neg; 1.pl.excl.2.pl.nfut.neg; 3.sg.2.sg.nfut.neg; 3.sg.2.pl.nfut.neg; 3.pl.2.sg.nfut.neg; 3.pl.2.pl.nfut.neg,hmar086; hmar087; hmar088; hmar089; hmar090; hmar091; hmar092; hmar093; hmar094; hmar095; hmar096; hmar097; hmar098; hmar099; hmar100; hmar101; hmar102; hmar103; hmar104; hmar105; hmar106; hmar107; hmar108; hmar109; hmar110; hmar111; hmar112; hmar113; hmar114; hmar115; hmar116; hmar117; hmar118; hmar119; hmar120; hmar121; hmar122; hmar123; hmar124; hmar125; hmar126; hmar127; hmar128; hmar129; hmar130; hmar131; hmar132; hmar133; hmar134; hmar135; hmar136; hmar137; hmar138; hmar139; hmar140; hmar141; hmar142; hmar143; hmar144; hmar145; hmar146; hmar147; hmar148; hmar149; hmar150; hmar151; hmar152; hmar153; hmar154; hmar155; hmar156; hmar157; hmar158; hmar159; hmar160; hmar161; hmar162; hmar163; hmar164; hmar165; hmar166; hmar167; hmar168; hmar169; hmar170; hmar171; hmar172; hmar173; hmar174; hmar175; hmar176; hmar177; hmar178; hmar179; hmar180; hmar181; hmar182; hmar183; hmar184; hmar185; hmar186; hmar187; hmar188; hmar189; hmar232; hmar233; hmar234; hmar235; hmar260; hmar261; hmar262; hmar263,hmar
hmarM26,n ɔ ʔ,post,1.sg.nfut.neg; 1.pl.incl.nfut.neg; 1.pl.excl.nfut.neg; 1.sg.3.sg.nfut.neg; 1.sg.3.pl.nfut.neg; 1.pl.incl.3.sg.nfut.neg; 1.pl.excl.3.sg.nfut.neg; 1.pl.incl.3.pl.nfut.neg; 1.pl.excl.3.pl.nfut.neg; 2.sg.nfut.neg; 2.pl.nfut.neg; 2.sg.1.sg.nfut.neg; 2.sg.1.pl.excl.nfut.neg; 2.pl.1.sg.nfut.neg; 2.pl.1.pl.excl.nfut.neg; 2.sg.3.sg.nfut.neg; 2.sg.3.pl.nfut.neg; 2.pl.3.sg.nfut.neg; 2.pl.3.pl.nfut.neg; 3.sg.nfut.neg; 3.pl.nfut.neg; 3.sg.1.sg.nfut.neg; 3.sg.1.pl.excl.nfut.neg; 3.sg.1.pl.incl.nfut.neg; 3.pl.1.sg.nfut.neg; 3.pl.1.pl.excl.nfut.neg; 3.pl.1.pl.incl.nfut.neg; 3.sg.3.sg.nfut.neg; 3.sg.3.pl.nfut.neg; 3.pl.3.sg.nfut.neg; 3.pl.3.pl.nfut.neg,hmar229; hmar230; hmar231; hmar236; hmar237; hmar238; hmar239; hmar240; hmar241; hmar242; hmar243; hmar244; hmar245; hmar246; hmar247; hmar248; hmar249; hmar250; hmar251; hmar252; hmar253; hmar254; hmar255; hmar256; hmar257; hmar258; hmar259; hmar264; hmar265; hmar266; hmar267,hmar
hmarM27,t i,post,1.sg.2.sg.fut.aff; 1.sg.2.pl.fut.aff; 1.pl.excl.2.sg.fut.aff; 1.pl.excl.2.pl.fut.aff; 3.sg.2.sg.fut.aff; 3.sg.2.pl.fut.aff; 3.pl.2.sg.fut.aff; 3.pl.2.pl.fut.aff; 1.sg.2.sg.fut.neg; 1.sg.2.pl.fut.neg; 1.pl.excl.2.sg.fut.neg; 1.pl.excl.2.pl.fut.neg; 2.sg.fut.neg; 2.pl.fut.neg; 2.sg.1.sg.fut.neg; 2.sg.1.pl.excl.fut.neg; 2.pl.1.sg.fut.neg; 2.pl.1.pl.excl.fut.neg; 2.sg.3.sg.fut.neg; 2.sg.3.pl.fut.neg; 3.sg.2.sg.fut.neg; 3.sg.2.pl.fut.neg; 3.pl.2.sg.fut.neg; 3.pl.2.pl.fut.neg,hmar015; hmar017; hmar019; hmar021; hmar070; hmar072; hmar074; hmar076; hmar095; hmar098; hmar102; hmar104; hmar118; hmar121; hmar123; hmar125; hmar128; hmar131; hmar134; hmar137; hmar166; hmar169; hmar172; hmar175,hmar
hmarM28,t i ʔ,post,1.sg.fut.aff; 1.pl.incl.fut.aff; 1.pl.excl.fut.aff; 1.sg.3.sg.fut.aff; 1.sg.3.pl.fut.aff; 1.pl.incl.3.sg.fut.aff; 1.pl.excl.3.sg.fut.aff; 1.pl.incl.3.pl.fut.aff; 1.pl.excl.3.pl.fut.aff; 2.sg.fut.aff; 2.pl.fut.aff; 2.sg.1.sg.fut.aff; 2.sg.1.pl.excl.fut.aff; 2.pl.1.sg.fut.aff; 2.pl.1.pl.excl.fut.aff; 2.sg.3.sg.fut.aff; 2.sg.3.pl.fut.aff; 2.pl.3.sg.fut.aff; 2.pl.3.pl.fut.aff; 3.sg.fut.aff; 3.pl.fut.aff; 3.sg.1.sg.fut.aff; 3.sg.1.pl.excl.fut.aff; 3.sg.1.pl.incl.fut.aff; 3.pl.1.sg.fut.aff; 3.pl.1.pl.excl.fut.aff; 3.pl.1.pl.incl.fut.aff; 3.sg.3.sg.fut.aff; 3.sg.3.pl.fut.aff; 3.pl.3.sg.fut.aff; 3.pl.3.pl.fut.aff; 1.sg.fut.neg; 1.pl.incl.fut.neg; 1.pl.excl.fut.neg; 1.sg.3.pl.fut.neg; 1.sg.3.sg.fut.neg; 1.pl.incl.3.sg.fut.neg; 1.pl.excl.3.sg.fut.neg; 1.pl.incl.3.pl.fut.neg; 1.pl.excl.3.pl.fut.neg; 2.sg.fut.neg; 2.pl.fut.neg; 2.pl.1.sg.fut.neg; 2.pl.1.pl.excl.fut.neg; 2.sg.3.sg.fut.neg; 2.sg.3.pl.fut.neg; 2.pl.3.sg.fut.neg; 2.pl.3.pl.fut.neg; 3.sg.fut.neg; 3.pl.fut.neg; 3.sg.1.sg.fut.neg; 3.sg.1.pl.excl.fut.neg; 3.sg.1.pl.incl.fut.neg; 3.pl.1.sg.fut.neg; 3.pl.1.pl.excl.fut.neg; 3.pl.1.pl.incl.fut.neg; 3.sg.3.sg.fut.neg; 3.sg.3.pl.fut.neg; 3.pl.3.sg.fut.neg; 3.pl.3.pl.fut.neg,hmar008; hmar010; hmar011; hmar022; hmar024; hmar026; hmar027; hmar030; hmar031; hmar034; hmar036; hmar038; hmar040; hmar042; hmar044; hmar046; hmar048; hmar050; hmar052; hmar054; hmar056; hmar058; hmar060; hmar061; hmar064; hmar066; hmar067; hmar078; hmar080; hmar082; hmar084; hmar086; hmar089; hmar090; hmar099; hmar106; hmar108; hmar109; hmar112; hmar113; hmar116; hmar119; hmar126; hmar129; hmar132; hmar135; hmar138; hmar140; hmar142; hmar145; hmar148; hmar151; hmar152; hmar157; hmar160; hmar161; hmar178; hmar181; hmar184; hmar187,hmar
hmarM29,ts e,post,1.sg.2.sg.fut.aff; 1.sg.2.sg.fut.aff; 1.sg.2.pl.fut.aff; 1.sg.2.pl.fut.aff; 1.pl.excl.2.sg.fut.aff; 1.pl.excl.2.sg.fut.aff; 1.pl.excl.2.pl.fut.aff; 1.pl.excl.2.pl.fut.aff; 3.sg.2.sg.fut.aff; 3.sg.2.sg.fut.aff; 3.sg.2.pl.fut.aff; 3.sg.2.pl.fut.aff; 3.pl.2.sg.fut.aff; 3.pl.2.sg.fut.aff; 3.pl.2.pl.fut.aff; 3.pl.2.pl.fut.aff; 1.sg.2.sg.fut.neg; 1.sg.2.sg.fut.neg; 1.sg.2.pl.fut.neg; 1.sg.2.pl.fut.neg; 1.pl.excl.2.sg.fut.neg; 1.pl.excl.2.sg.fut.neg; 1.pl.excl.2.pl.fut.neg; 1.pl.excl.2.pl.fut.neg; 3.sg.2.sg.fut.neg; 3.sg.2.sg.fut.neg; 3.sg.2.sg.fut.neg; 3.sg.2.pl.fut.neg; 3.sg.2.pl.fut.neg; 3.sg.2.pl.fut.neg; 3.pl.2.sg.fut.neg; 3.pl.2.sg.fut.neg; 3.pl.2.sg.fut.neg; 3.pl.2.pl.fut.neg; 3.pl.2.pl.fut.neg; 3.pl.2.pl.fut.neg; 1.sg.2.sg.nfut.aff; 1.sg.2.pl.nfut.aff; 1.pl.excl.2.sg.nfut.aff; 1.pl.excl.2.pl.nfut.aff; 3.sg.2.sg.nfut.aff; 3.sg.2.pl.nfut.aff; 3.pl.2.sg.nfut.aff; 3.pl.2.pl.nfut.aff; 1.sg.2.sg.nfut.neg; 1.sg.2.pl.nfut.neg; 1.pl.excl.2.sg.nfut.neg; 1.pl.excl.2.pl.nfut.neg; 3.sg.2.sg.nfut.neg; 3.sg.2.pl.nfut.neg; 3.pl.2.sg.nfut.neg; 3.pl.2.pl.nfut.neg,hmar014; hmar015; hmar016; hmar017; hmar018; hmar019; hmar020; hmar021; hmar070; hmar071; hmar072; hmar073; hmar074; hmar075; hmar076; hmar077; hmar094; hmar095; hmar097; hmar098; hmar101; hmar102; hmar103; hmar104; hmar166; hmar167; hmar168; hmar169; hmar170; hmar171; hmar172; hmar173; hmar174; hmar175; hmar176; hmar177; hmar193; hmar194; hmar195; hmar196; hmar221; hmar222; hmar223; hmar224; hmar232; hmar233; hmar234; hmar235; hmar260; hmar261; hmar262; hmar263,hmar
hmarM30,u,post,1.sg.2.pl.fut.aff; 1.sg.2.pl.fut.aff; 1.pl.excl.2.pl.fut.aff; 1.pl.excl.2.pl.fut.aff; 3.sg.2.pl.fut.aff; 3.sg.2.pl.fut.aff; 3.pl.2.pl.fut.aff; 3.pl.2.pl.fut.aff; 1.sg.2.pl.fut.neg; 1.sg.2.pl.fut.neg; 1.pl.excl.2.pl.fut.neg; 1.pl.excl.2.pl.fut.neg; 2.pl.fut.neg; 2.pl.1.sg.fut.neg; 2.pl.1.pl.excl.fut.neg; 3.sg.2.pl.fut.neg; 3.sg.2.pl.fut.neg; 3.sg.2.pl.fut.neg; 3.pl.2.pl.fut.neg; 3.pl.2.pl.fut.neg; 3.pl.2.pl.fut.neg; 1.sg.2.pl.nfut.aff; 1.pl.excl.2.pl.nfut.aff; 3.sg.2.pl.nfut.aff; 3.pl.2.pl.nfut.aff; 1.sg.2.pl.nfut.neg; 1.pl.excl.2.pl.nfut.neg; 3.sg.2.pl.nfut.neg; 3.pl.2.pl.nfut.neg,hmar016; hmar017; hmar020; hmar021; hmar072; hmar073; hmar076; hmar077; hmar097; hmar098; hmar103; hmar104; hmar121; hmar128; hmar131; hmar169; hmar170; hmar171; hmar175; hmar176; hmar177; hmar194; hmar196; hmar222; hmar224; hmar233; hmar235; hmar261; hmar263,hmar
hmarM31,ŋ,post,1.sg.fut.aff; 1.pl.incl.fut.aff; 1.pl.excl.fut.aff; 1.sg.2.sg.fut.aff; 1.sg.2.pl.fut.aff; 1.pl.excl.2.sg.fut.aff; 1.pl.excl.2.pl.fut.aff; 1.sg.3.sg.fut.aff; 1.sg.3.pl.fut.aff; 1.pl.incl.3.sg.fut.aff; 1.pl.excl.3.sg.fut.aff; 1.pl.incl.3.pl.fut.aff; 1.pl.excl.3.pl.fut.aff; 2.sg.fut.aff; 2.pl.fut.aff; 2.sg.1.sg.fut.aff; 2.sg.1.pl.excl.fut.aff; 2.pl.1.sg.fut.aff; 2.pl.1.pl.excl.fut.aff; 2.sg.3.sg.fut.aff; 2.sg.3.pl.fut.aff; 2.pl.3.sg.fut.aff; 2.pl.3.pl.fut.aff; 3.sg.fut.aff; 3.pl.fut.aff; 3.sg.1.sg.fut.aff; 3.sg.1.pl.excl.fut.aff; 3.sg.1.pl.incl.fut.aff; 3.pl.1.sg.fut.aff; 3.pl.1.pl.excl.fut.aff; 3.pl.1.pl.incl.fut.aff; 3.sg.2.sg.fut.aff; 3.sg.2.pl.fut.aff; 3.pl.2.sg.fut.aff; 3.pl.2.pl.fut.aff; 3.sg.3.sg.fut.aff; 3.sg.3.pl.fut.aff; 3.pl.3.sg.fut.aff; 3.pl.3.pl.fut.aff; 1.sg.fut.neg; 1.sg.fut.neg; 1.pl.incl.fut.neg; 1.pl.excl.fut.neg; 1.sg.2.sg.fut.neg; 1.sg.2.pl.fut.neg; 1.sg.3.pl.fut.neg; 1.pl.excl.2.sg.fut.neg; 1.pl.excl.2.pl.fut.neg; 1.sg.3.sg.fut.neg; 1.pl.incl.3.sg.fut.neg; 1.pl.excl.3.sg.fut.neg; 1.pl.incl.3.pl.fut.neg; 1.pl.excl.3.pl.fut.neg; 2.sg.fut.neg; 2.pl.fut.neg; 2.pl.1.sg.fut.neg; 2.pl.1.pl.excl.fut.neg; 2.sg.3.sg.fut.neg; 2.sg.3.pl.fut.neg; 2.pl.3.sg.fut.neg; 2.pl.3.pl.fut.neg; 3.sg.fut.neg; 3.pl.fut.neg; 3.sg.1.sg.fut.neg; 3.sg.1.pl.excl.fut.neg; 3.sg.1.pl.incl.fut.neg; 3.pl.1.sg.fut.neg; 3.pl.1.pl.excl.fut.neg; 3.pl.1.pl.incl.fut.neg; 3.sg.2.sg.fut.neg; 3.sg.2.pl.fut.neg; 3.pl.2.sg.fut.neg; 3.pl.2.pl.fut.neg; 3.sg.3.sg.fut.neg; 3.sg.3.pl.fut.neg; 3.pl.3.sg.fut.neg; 3.pl.3.pl.fut.neg,hmar008; hmar010; hmar011; hmar015; hmar017; hmar019; hmar021; hmar022; hmar024; hmar026; hmar027; hmar030; hmar031; hmar034; hmar036; hmar038; hmar040; hmar042; hmar044; hmar046; hmar048; hmar050; hmar052; hmar054; hmar056; hmar058; hmar060; hmar061; hmar064; hmar066; hmar067; hmar070; hmar072; hmar074; hmar076; hmar078; hmar080; hmar082; hmar084; hmar086; hmar088; hmar089; hmar090; hmar095; hmar098; hmar099; hmar102; hmar104; hmar106; hmar108; hmar109; hmar112; hmar113; hmar116; hmar119; hmar126; hmar129; hmar132; hmar135; hmar138; hmar140; hmar142; hmar145; hmar148; hmar151; hmar152; hmar157; hmar160; hmar161; hmar166; hmar169; hmar172; hmar175; hmar178; hmar181; hmar184; hmar187,hmar
